age,gender,education,occupation,city_tier,monthly_income,housing_rent,groceries,utilities,transport,dining_out,entertainment,healthcare,education_expense,shopping,investments,loan_emi,miscellaneous,total_expenses,expense_ratio,investment_ratio,has_loan,credit_score,actual_risk,predicted_risk,actual_savings,predicted_savings,correct
56,Male,High School,Salaried,Tier 2,50379,14426,4373,3798,7456,3978,2332,2137,1201,9806,5699,2775,4894,57176,113.49,11.31,1,470,High Risk,High Risk,0,4332.0,1
26,Female,Master's,Salaried,Tier 3,53421,15692,10842,3349,2157,4432,2334,2575,988,4391,5609,13714,1699,62173,116.38,10.5,1,472,High Risk,High Risk,1035,2878.0,1
40,Female,Master's,Salaried,Tier 2,77956,13248,3845,2444,4360,6528,2807,2827,531,2119,17436,20462,1139,60310,77.36,22.37,1,510,High Risk,High Risk,1009,3839.0,1
24,Male,Bachelor's,Salaried,Tier 1,46620,15612,8357,3282,7666,1667,1791,3760,4406,12768,7685,0,4353,63662,136.56,16.48,0,484,High Risk,High Risk,0,4023.0,1
52,Female,High School,Salaried,Tier 1,60095,9972,3929,838,2322,527,1345,3206,935,10353,2000,0,1346,34773,57.86,3.33,0,628,Low Risk,Low Risk,0,2424.0,1
43,Male,Bachelor's,Freelancer,Tier 2,58272,19114,2050,1480,7740,5552,3686,1162,78,7727,8560,12766,360,61715,105.91,14.69,1,466,High Risk,High Risk,0,3450.0,1
61,Male,Master's,Self-Employed,Tier 3,80676,27681,3542,1093,7114,3262,1242,2327,559,14953,15375,0,3543,65316,80.96,19.06,0,557,High Risk,High Risk,2048,4828.0,1
55,Female,Bachelor's,Freelancer,Tier 2,41695,11275,10294,732,6625,4291,2623,4960,389,3357,8536,0,1141,45687,109.57,20.47,0,485,High Risk,High Risk,0,2890.0,1
47,Female,High School,Salaried,Tier 2,66963,20296,5947,3296,3851,8864,3413,2968,1999,3394,71,6073,2078,62179,92.86,0.11,1,510,High Risk,High Risk,0,3190.0,1
32,Male,Bachelor's,Business Owner,Tier 2,79476,12106,11096,562,3647,9411,4514,1567,1055,5111,15309,18616,2617,70302,88.46,19.26,1,505,High Risk,High Risk,4365,3513.0,1
42,Female,Bachelor's,Student,Tier 1,40485,14040,5062,2528,5372,9392,1929,3148,1516,6356,4352,2422,2786,54551,134.74,10.75,1,452,High Risk,High Risk,0,3769.0,1
48,Female,High School,Business Owner,Tier 2,65085,12266,3986,1784,4723,3035,376,3065,747,3600,13502,0,3826,37408,57.48,20.75,0,616,Low Risk,Low Risk,26219,2964.0,1
61,Male,Bachelor's,Salaried,Tier 2,78869,18550,8421,1973,4923,2678,2351,4692,1733,4269,14784,8827,1034,59451,75.38,18.75,1,527,High Risk,High Risk,15045,4208.0,1
49,Male,Bachelor's,Business Owner,Tier 3,80112,20224,4202,2101,3410,872,1306,419,300,5418,7757,0,4007,42259,52.75,9.68,0,681,Low Risk,Low Risk,1004,2985.0,1
63,Female,Bachelor's,Salaried,Tier 1,55492,16620,2354,3884,2622,5710,4368,3086,994,10688,9892,7413,3450,61189,110.27,17.83,1,465,High Risk,High Risk,9473,2518.0,1
50,Male,High School,Self-Employed,Tier 3,49667,12931,3717,3895,7418,7216,3601,318,590,13910,9621,14492,2367,70455,141.85,19.37,1,448,High Risk,High Risk,12991,3300.0,1
37,Female,Master's,Salaried,Tier 3,71547,17414,4689,625,1913,7717,1846,2577,512,2586,17680,0,4005,43884,61.34,24.71,0,606,Medium Risk,Medium Risk,2389,2929.0,1
40,Male,Master's,Freelancer,Tier 1,67123,11044,5714,2373,1965,3581,4551,4893,947,11245,13404,3662,1983,51958,77.41,19.97,1,514,High Risk,High Risk,0,2212.0,1
27,Female,Bachelor's,Self-Employed,Tier 1,55600,18283,7097,2665,7400,6944,5048,3648,6812,12514,4005,0,3489,73900,132.91,7.2,0,452,High Risk,High Risk,0,4076.0,1
38,Female,Master's,Salaried,Tier 2,66160,13191,4159,1674,5200,2557,4865,829,182,3209,11292,5658,3258,44782,67.69,17.07,1,542,Medium Risk,Medium Risk,5298,3907.0,1
27,Male,Bachelor's,Salaried,Tier 2,48493,9373,3980,3285,1554,7639,4728,1338,2559,4839,3207,12297,2445,54037,111.43,6.61,1,443,High Risk,High Risk,0,3578.0,1
63,Male,Master's,Self-Employed,Tier 2,57111,17050,11906,570,4002,9808,3207,1129,1506,6973,9324,0,3314,59465,104.12,16.33,0,512,High Risk,High Risk,13504,4811.0,1
45,Female,Bachelor's,Salaried,Tier 1,83790,25701,3982,3238,680,4521,440,4897,1023,12799,16703,0,3261,60542,72.25,19.93,0,552,High Risk,High Risk,2352,3078.0,1
28,Female,PhD,Self-Employed,Tier 2,59408,18461,5094,511,6781,4384,1827,2970,4681,9324,10912,16551,4381,74965,126.19,18.37,1,483,High Risk,High Risk,2399,5284.0,1
54,Male,Bachelor's,Salaried,Tier 2,49207,8489,3634,3869,4567,4909,2155,1582,897,2000,9523,7067,2594,41763,84.87,19.35,1,480,High Risk,High Risk,933,3758.0,1
58,Male,Bachelor's,Business Owner,Tier 3,90793,28095,7896,1825,1929,4824,2065,1301,350,1044,21600,0,2758,52087,57.37,23.79,0,641,Medium Risk,Low Risk,0,3188.0,0
38,Female,High School,Business Owner,Tier 3,55082,18190,4380,822,1635,5793,2993,3292,1082,12479,1848,0,4640,55306,100.41,3.35,0,500,High Risk,High Risk,0,2298.0,1
60,Female,Bachelor's,Self-Employed,Tier 1,48022,10582,4329,580,2621,6062,2555,3818,1196,990,2232,0,2395,35128,73.15,4.65,0,587,Low Risk,Low Risk,0,2733.0,1
37,Male,PhD,Freelancer,Tier 2,64535,18452,11888,2004,6507,950,5886,515,1323,13327,7674,9812,1612,72276,112.0,11.89,1,475,High Risk,High Risk,0,4689.0,1
53,Male,PhD,Self-Employed,Tier 1,67296,19267,5754,665,5789,7147,4710,2497,194,6002,8774,16490,3062,71577,106.36,13.04,1,484,High Risk,High Risk,0,4456.0,1
40,Male,Bachelor's,Self-Employed,Tier 3,66741,12156,7136,1710,1330,3866,2282,4534,1312,13473,10298,0,3271,51070,76.52,15.43,0,563,High Risk,High Risk,0,3137.0,1
63,Male,Bachelor's,Salaried,Tier 2,71217,18265,10017,1069,5826,6392,4745,3123,524,10727,6773,0,2695,63383,89.0,9.51,0,534,High Risk,High Risk,0,4297.0,1
60,Male,PhD,Freelancer,Tier 1,61394,12953,11962,2984,668,3533,651,430,1469,14618,11242,0,548,49816,81.14,18.31,0,511,High Risk,High Risk,0,3827.0,1
25,Male,PhD,Student,Tier 1,45462,8397,10102,2072,3999,2230,3738,741,6467,3470,1673,10610,3165,54991,120.96,3.68,1,437,High Risk,High Risk,19416,6183.0,1
40,Male,High School,Freelancer,Tier 2,41870,6309,11386,3782,6933,6822,4923,1426,1121,749,3095,10153,252,53856,128.63,7.39,1,440,High Risk,High Risk,0,3217.0,1
64,Male,Master's,Freelancer,Tier 1,51281,17515,4177,2120,5693,2046,5169,4482,1020,3897,2488,15015,1781,62915,122.69,4.85,1,485,High Risk,High Risk,7659,2910.0,1
53,Male,Bachelor's,Salaried,Tier 1,68265,15854,2163,1171,809,7176,3909,2509,773,1748,14111,5232,1605,42949,62.92,20.67,1,552,Medium Risk,Medium Risk,0,2435.0,1
56,Female,Bachelor's,Business Owner,Tier 1,85434,20174,10573,2877,2508,9520,2387,4078,1505,8136,521,23497,4557,89812,105.12,0.61,1,521,High Risk,High Risk,0,2438.0,1
39,Male,Bachelor's,Salaried,Tier 1,61024,15139,7719,3970,7677,6439,4427,1998,1879,12938,7578,5444,1333,68963,113.01,12.42,1,454,High Risk,High Risk,0,3447.0,1
53,Male,High School,Student,Tier 3,10000,2665,8073,3805,7186,8637,5891,4309,1918,6986,2380,2746,4041,56257,562.57,23.8,1,300,High Risk,High Risk,1431,4567.0,1
55,Male,Master's,Student,Tier 1,32342,8404,3057,801,2695,3302,1708,3825,1563,14096,7336,1999,1442,42892,132.62,22.68,1,411,High Risk,High Risk,1867,3929.0,1
47,Female,Bachelor's,Self-Employed,Tier 1,48857,9236,2809,1789,5004,5944,2036,1804,324,1418,9239,0,1323,31687,64.86,18.91,0,510,Medium Risk,High Risk,8482,3067.0,0
34,Female,Bachelor's,Salaried,Tier 2,54392,10029,2360,3764,7505,3003,3510,1556,1564,9296,10617,0,2943,45530,83.71,19.52,0,498,High Risk,High Risk,0,3996.0,1
50,Male,Bachelor's,Self-Employed,Tier 3,69223,22585,6329,3338,864,2059,5743,4593,1874,14970,11341,11468,1605,75428,108.96,16.38,1,468,High Risk,High Risk,0,2937.0,1
32,Female,Master's,Business Owner,Tier 2,81950,17938,8874,2422,2295,2345,4202,2598,1802,7344,5704,0,3787,53607,65.41,6.96,0,645,Low Risk,Low Risk,0,3183.0,1
57,Male,Bachelor's,Salaried,Tier 2,47595,8809,11617,2281,1539,8816,4351,3621,52,10903,10933,4485,741,57215,120.21,22.97,1,453,High Risk,High Risk,6260,2701.0,1
32,Male,Bachelor's,Salaried,Tier 2,51799,11363,5718,1510,1583,7416,2174,1507,1333,6118,2802,0,928,39650,76.55,5.41,0,610,Medium Risk,Low Risk,0,3035.0,0
38,Female,High School,Salaried,Tier 2,55919,8416,10108,1474,3879,849,4390,4761,286,1452,12172,0,2326,37941,67.85,21.77,0,568,Medium Risk,High Risk,0,2893.0,0
43,Male,Bachelor's,Salaried,Tier 1,56707,10331,6862,1924,2021,6017,5644,2091,557,7033,2955,6547,2677,51704,91.18,5.21,1,495,High Risk,High Risk,8563,2804.0,1
28,Female,Bachelor's,Salaried,Tier 1,49908,7937,8603,2868,2761,512,1395,4846,4711,996,11636,0,2852,37481,75.1,23.31,0,528,High Risk,High Risk,0,2901.0,1
43,Female,Bachelor's,Freelancer,Tier 2,60159,14933,7292,622,5651,4682,974,3017,1893,5769,11173,0,2406,47239,78.52,18.57,0,569,High Risk,High Risk,7469,3287.0,1
34,Male,High School,Freelancer,Tier 1,30790,9477,7581,773,4217,1412,560,3563,290,5070,7184,4113,2158,39214,127.36,23.33,1,432,High Risk,High Risk,437,2108.0,1
42,Male,High School,Self-Employed,Tier 1,61114,12608,9860,1793,2299,7039,1867,1372,455,10076,6253,8045,320,55734,91.2,10.23,1,477,High Risk,High Risk,0,3131.0,1
25,Female,Master's,Freelancer,Tier 2,39167,6809,5019,3370,3255,8429,4502,1297,601,13648,5116,0,1755,48685,124.3,13.06,0,466,High Risk,High Risk,0,2682.0,1
22,Other,High School,Self-Employed,Tier 3,52863,13082,5299,891,3972,9435,4289,3865,554,1751,986,9978,928,54044,102.23,1.87,1,480,High Risk,High Risk,0,3415.0,1
30,Female,High School,Salaried,Tier 3,56536,9211,9712,3090,1728,2971,4174,3292,63,10517,1849,0,3866,48624,86.01,3.27,0,554,Medium Risk,Medium Risk,24118,2392.0,1
22,Male,High School,Student,Tier 2,20322,7033,2118,3268,4209,2470,5335,4452,6803,2585,1789,2007,604,40884,201.18,8.8,1,359,High Risk,High Risk,0,4843.0,1
22,Female,High School,Self-Employed,Tier 1,39101,10234,8683,1694,6274,8750,3525,2903,5358,10414,8624,2111,2661,62607,160.12,22.06,1,444,High Risk,High Risk,6426,2705.0,1
52,Male,Bachelor's,Salaried,Tier 2,61353,18009,8089,3353,2553,7017,4405,3926,1465,10255,5372,0,4348,63420,103.37,8.76,0,525,High Risk,High Risk,0,3761.0,1
23,Male,Bachelor's,Salaried,Tier 1,67907,14857,8171,3845,7123,1970,4066,2279,6463,6970,1308,0,4626,60370,88.9,1.93,0,553,High Risk,Medium Risk,2791,4386.0,0
22,Male,Bachelor's,Salaried,Tier 3,66159,15663,2439,649,4168,950,4516,4600,6067,8983,3639,0,1909,49944,75.49,5.5,0,558,Medium Risk,Medium Risk,2343,3380.0,1
44,Female,High School,Salaried,Tier 1,47468,16447,2577,991,5118,3584,3271,2122,1855,601,3502,6935,3841,47342,99.73,7.38,1,465,High Risk,High Risk,11883,3247.0,1
42,Male,Bachelor's,Salaried,Tier 3,56849,16404,5867,1188,3707,8230,5301,4118,602,12378,11847,5876,849,64520,113.49,20.84,1,448,High Risk,High Risk,0,2342.0,1
48,Female,Bachelor's,Business Owner,Tier 2,63039,20462,5563,1116,6014,7222,212,1712,827,8046,7257,0,3322,54496,86.45,11.51,0,547,High Risk,High Risk,370,3626.0,1
35,Male,Bachelor's,Student,Tier 3,16437,4424,10747,3942,4933,2104,2443,2945,1174,3315,242,0,2824,38851,236.36,1.47,0,382,High Risk,High Risk,16517,5524.0,1
26,Female,Master's,Freelancer,Tier 2,63583,17081,11478,2049,4901,9044,3257,1123,4651,7826,2651,6255,4175,71840,112.99,4.17,1,488,High Risk,High Risk,0,3931.0,1
31,Female,Bachelor's,Salaried,Tier 3,61705,13908,11635,1677,4752,5499,4227,4542,1594,8582,7494,0,3794,60210,97.58,12.14,0,517,High Risk,High Risk,4610,3023.0,1
54,Female,Bachelor's,Salaried,Tier 3,65932,21990,4216,2222,4926,5929,2541,4568,93,6138,9105,0,692,53315,80.86,13.81,0,538,High Risk,High Risk,0,2638.0,1
28,Male,High School,Self-Employed,Tier 2,48590,12508,3608,1959,7528,2982,5109,750,7739,2506,3758,6154,1662,52505,108.06,7.73,1,457,High Risk,High Risk,2959,4873.0,1
26,Female,Bachelor's,Salaried,Tier 3,61407,15987,5571,3832,1849,6503,5342,3222,1976,10385,5621,0,520,55187,89.87,9.15,0,487,High Risk,High Risk,0,2343.0,1
33,Female,Bachelor's,Self-Employed,Tier 3,47942,12754,3409,3664,7657,5255,1380,1405,567,4074,5259,13318,4047,57530,120.0,10.97,1,434,High Risk,High Risk,0,3822.0,1
47,Male,Master's,Business Owner,Tier 2,79071,16153,3287,504,5545,3672,5696,3462,1448,13102,12320,0,2046,54915,69.45,15.58,0,630,Medium Risk,Medium Risk,0,3345.0,1
32,Female,High School,Salaried,Tier 2,53828,13492,5717,967,2121,6960,1852,2110,857,6468,485,0,4564,45108,83.8,0.9,0,537,Medium Risk,Medium Risk,0,3586.0,1
36,Female,Bachelor's,Freelancer,Tier 1,42359,13276,10965,1483,3419,6952,1599,1075,1466,5187,3886,0,4555,49977,117.98,9.17,0,490,High Risk,High Risk,0,2985.0,1
50,Male,Bachelor's,Self-Employed,Tier 3,55529,16722,8989,2088,4715,1407,722,4488,178,13930,720,0,876,54115,97.45,1.3,0,481,High Risk,High Risk,0,3955.0,1
22,Other,Bachelor's,Business Owner,Tier 1,80432,23071,3320,3674,4494,4122,211,4727,4408,6280,19163,20839,3830,78976,98.19,23.83,1,500,High Risk,High Risk,0,4186.0,1
58,Male,High School,Salaried,Tier 2,60149,13513,2295,1757,2725,6223,5427,1301,388,1640,9899,0,4823,40092,66.65,16.46,0,563,Medium Risk,Medium Risk,0,3611.0,1
24,Female,Bachelor's,Freelancer,Tier 1,49741,15693,7999,1293,3630,5708,5402,2608,6456,12073,415,0,2563,63425,127.51,0.83,0,466,High Risk,High Risk,2791,3016.0,1
27,Female,Bachelor's,Salaried,Tier 2,74285,22499,2110,533,6014,6030,1865,2593,5247,10344,14370,0,3483,60718,81.74,19.34,0,566,High Risk,High Risk,0,4303.0,1
23,Male,Bachelor's,Salaried,Tier 3,57956,9325,2169,1053,5191,7268,1476,2498,2925,10155,3543,0,4694,46754,80.67,6.11,0,601,Medium Risk,Medium Risk,12677,3214.0,1
35,Female,High School,Salaried,Tier 2,51289,14588,11478,989,5739,8571,3212,318,422,9137,11726,11125,2580,68159,132.89,22.86,1,414,High Risk,High Risk,0,3694.0,1
22,Male,Bachelor's,Salaried,Tier 1,62982,11345,7726,2991,5275,2358,4350,702,6343,12458,14091,0,2144,55692,88.43,22.37,0,506,High Risk,High Risk,0,4037.0,1
45,Male,PhD,Self-Employed,Tier 3,71014,16867,10199,2118,1216,1655,1053,422,1762,2560,14662,0,1089,38941,54.84,20.65,0,609,Low Risk,Low Risk,0,4470.0,1
51,Male,High School,Self-Employed,Tier 2,51273,15265,3602,3245,708,7799,4411,3658,910,14393,785,0,4942,58933,114.94,1.53,0,466,High Risk,High Risk,0,3865.0,1
44,Other,High School,Freelancer,Tier 3,35298,7592,4915,2057,4510,3083,3691,4158,1055,9785,384,7804,3767,52417,148.5,1.09,1,377,High Risk,High Risk,2011,3973.0,1
39,Male,Bachelor's,Salaried,Tier 2,54967,13189,4403,1377,4275,4165,2978,4599,204,9303,6588,2914,1489,48896,88.96,11.99,1,455,High Risk,High Risk,8581,3556.0,1
26,Female,Bachelor's,Salaried,Tier 2,53682,15346,9765,3870,1575,9677,4752,2806,657,7050,12117,0,2657,58155,108.33,22.57,0,475,High Risk,High Risk,0,2827.0,1
46,Male,High School,Business Owner,Tier 2,79548,26075,7856,2045,1469,948,1760,2847,1255,14000,13377,0,3551,61806,77.7,16.82,0,556,High Risk,High Risk,3150,3721.0,1
27,Male,Bachelor's,Salaried,Tier 3,62617,13941,2654,2296,4639,8082,722,1100,729,13007,12803,0,1690,48860,78.03,20.45,0,497,High Risk,High Risk,0,3365.0,1
35,Male,Bachelor's,Self-Employed,Tier 3,61998,9749,11940,1669,4637,5697,3548,4871,1074,5561,1684,10561,1431,60738,97.97,2.72,1,483,High Risk,High Risk,11003,3289.0,1
23,Male,High School,Salaried,Tier 2,60881,13506,5052,2261,4217,6325,5764,2585,1750,13284,5313,10147,2688,67579,111.0,8.73,1,447,High Risk,High Risk,0,3539.0,1
53,Female,PhD,Student,Tier 3,28032,8637,2814,2519,5788,1332,2973,4264,131,5279,274,0,1865,35602,127.0,0.98,0,446,High Risk,High Risk,0,5212.0,1
47,Male,Bachelor's,Salaried,Tier 2,59056,11282,10988,2564,3685,4158,4022,217,1447,14624,13591,0,2401,55388,93.79,23.01,0,506,High Risk,High Risk,0,4208.0,1
64,Female,Master's,Salaried,Tier 2,79102,12676,2110,2416,1497,8642,3536,4499,1146,9059,18504,0,4157,49738,62.88,23.39,0,592,Medium Risk,Medium Risk,0,3523.0,1
64,Male,PhD,Self-Employed,Tier 3,73802,11160,10740,1535,5061,4797,3659,366,1176,1133,11023,0,3066,42693,57.85,14.94,0,631,Low Risk,Low Risk,0,4764.0,1
44,Male,Bachelor's,Self-Employed,Tier 1,57220,14732,8677,3349,4755,3068,3333,632,1261,9969,1444,16200,4208,70184,122.66,2.52,1,437,High Risk,High Risk,0,4456.0,1
26,Female,Bachelor's,Self-Employed,Tier 2,72108,11390,2185,1751,4724,7290,5630,2522,6268,13781,1047,15072,2023,72636,100.73,1.45,1,488,High Risk,High Risk,10302,3929.0,1
49,Male,Master's,Salaried,Tier 2,68898,23101,3746,1448,6784,6473,4978,3928,1275,4464,16361,0,1875,58072,84.29,23.75,0,559,High Risk,High Risk,11493,4032.0,1
59,Male,Master's,Salaried,Tier 2,66892,11115,4377,2183,701,9394,2290,2757,259,11059,12042,12057,3403,59595,89.09,18.0,1,502,High Risk,High Risk,0,3669.0,1
55,Male,Master's,Student,Tier 2,19071,4113,3169,2720,2309,702,776,3080,265,12093,3989,0,607,29834,156.44,20.92,0,468,High Risk,High Risk,0,4332.0,1
58,Male,Bachelor's,Salaried,Tier 2,61278,17279,9617,2072,2386,8168,4552,4388,927,1442,10187,0,2051,52882,86.3,16.62,0,534,High Risk,High Risk,0,3404.0,1
61,Female,Bachelor's,Salaried,Tier 3,69123,11251,3225,2121,3016,6303,4715,2468,1648,4208,11144,5725,4377,49057,70.97,16.12,1,532,Medium Risk,Medium Risk,0,2850.0,1
34,Male,Master's,Salaried,Tier 2,70274,18624,6276,3415,7469,5054,2720,660,1271,13537,3465,7620,2695,69341,98.67,4.93,1,506,High Risk,High Risk,0,4694.0,1
62,Female,Master's,Freelancer,Tier 2,52872,9118,4878,1591,2896,1318,5904,661,1712,1092,8593,8643,2096,39909,75.48,16.25,1,495,High Risk,High Risk,0,3320.0,1
56,Male,Master's,Self-Employed,Tier 1,63632,10584,10177,3625,1445,3840,1942,1353,1183,6132,7260,0,1368,41649,65.45,11.41,0,577,Low Risk,Low Risk,0,3709.0,1
48,Male,PhD,Salaried,Tier 3,69867,11088,8161,1338,1518,5942,1423,2782,961,12392,14412,17772,3636,67013,95.92,20.63,1,488,High Risk,High Risk,0,4122.0,1
62,Female,Master's,Business Owner,Tier 1,99259,32676,5733,3118,929,3295,4598,3966,834,8686,3166,26139,2257,92231,92.92,3.19,1,536,High Risk,High Risk,0,2478.0,1
26,Male,High School,Salaried,Tier 1,55024,12696,4841,953,4486,4363,3038,4269,3107,11843,9211,11473,2086,63155,114.78,16.74,1,435,High Risk,High Risk,6545,3051.0,1
22,Female,Bachelor's,Student,Tier 2,27518,7871,7765,2585,7169,5974,3481,3084,4561,4822,6033,7641,3939,58892,214.01,21.92,1,396,High Risk,High Risk,0,4735.0,1
59,Female,Bachelor's,Salaried,Tier 1,60676,19809,3759,2039,5229,6105,3003,1817,1083,9207,9110,0,4449,56500,93.12,15.01,0,514,High Risk,High Risk,0,3521.0,1
29,Male,Bachelor's,Business Owner,Tier 2,65955,17353,2972,2426,7718,3601,4388,1941,698,876,11538,5798,3140,50911,77.19,17.49,1,519,High Risk,High Risk,0,3542.0,1
53,Other,Master's,Salaried,Tier 2,71689,22928,2328,2490,7597,9138,4350,936,1696,5021,15838,9932,3483,69899,97.5,22.09,1,510,High Risk,High Risk,17411,5419.0,1
24,Female,Master's,Salaried,Tier 1,69639,15799,5887,3244,4325,9857,4746,2448,1482,959,15351,0,3189,51936,74.58,22.04,0,522,High Risk,High Risk,0,3142.0,1
54,Male,Bachelor's,Salaried,Tier 1,71352,12627,9095,2090,3139,4946,227,4672,23,9108,11668,7570,517,54014,75.7,16.35,1,520,High Risk,High Risk,0,2985.0,1
49,Female,High School,Student,Tier 2,15160,3884,2085,1184,5287,4723,1941,1468,606,5335,2912,0,3623,30136,198.79,19.21,0,426,High Risk,High Risk,7557,4568.0,1
50,Male,Bachelor's,Business Owner,Tier 1,92548,19643,5458,687,4674,2683,2580,4824,1794,3092,6439,0,1213,46648,50.4,6.96,0,678,Low Risk,Low Risk,365,2609.0,1
60,Female,Master's,Freelancer,Tier 1,46965,9273,7331,1029,3774,6220,1675,637,1476,10897,3745,13431,4500,60243,128.27,7.97,1,419,High Risk,High Risk,0,3617.0,1
60,Male,Bachelor's,Self-Employed,Tier 2,65652,15172,9717,2941,1047,682,3422,1439,93,8054,2107,15846,422,58835,89.62,3.21,1,555,High Risk,High Risk,0,3754.0,1
43,Male,Bachelor's,Student,Tier 2,10000,1867,9683,2130,5088,7467,1563,690,1445,13788,1550,0,754,44475,444.75,15.5,0,300,High Risk,High Risk,13443,6262.0,1
58,Female,High School,Salaried,Tier 3,52894,18237,11752,1385,5838,3268,3841,3438,1619,1522,10756,3475,1428,55803,105.5,20.34,1,483,High Risk,High Risk,64,2747.0,1
41,Female,Master's,Self-Employed,Tier 3,74418,12668,6409,891,1464,940,1854,963,951,13648,6517,20147,928,60863,81.79,8.76,1,535,High Risk,High Risk,5773,3492.0,1
47,Female,Bachelor's,Self-Employed,Tier 2,46766,14685,5458,2429,3991,1606,3701,3366,1801,7161,8646,0,4015,48213,103.09,18.49,0,479,High Risk,High Risk,0,4050.0,1
42,Female,Master's,Student,Tier 1,40060,13296,9763,624,3253,6199,997,3308,654,13145,6633,10312,1465,63016,157.3,16.56,1,413,High Risk,High Risk,18149,4044.0,1
22,Female,Bachelor's,Business Owner,Tier 3,75938,21808,10781,668,2314,784,1757,2624,5098,6448,13465,0,2613,54895,72.29,17.73,0,570,High Risk,Medium Risk,0,3129.0,0
44,Female,High School,Freelancer,Tier 3,51174,14007,2740,2570,1109,7923,4160,2807,488,3647,333,9486,4201,53138,103.84,0.65,1,497,High Risk,High Risk,0,1672.0,1
51,Male,Master's,Salaried,Tier 1,74356,13178,3548,1243,1026,6860,1983,3914,579,6735,14492,0,786,39852,53.6,19.49,0,602,Low Risk,Low Risk,6392,2851.0,1
57,Male,High School,Self-Employed,Tier 2,51738,9398,9946,2648,5662,7572,1678,4916,1857,10017,9883,0,3243,56937,110.05,19.1,0,518,High Risk,High Risk,0,3886.0,1
28,Other,Master's,Self-Employed,Tier 1,71465,15033,9643,3803,6944,6893,300,2299,4491,7152,4122,8488,3589,68635,96.04,5.77,1,492,High Risk,High Risk,0,5599.0,1
26,Female,Master's,Self-Employed,Tier 2,79795,18873,4712,3463,4442,6412,1230,2588,6,1035,9903,7325,4692,54778,68.65,12.41,1,591,Medium Risk,Medium Risk,0,4000.0,1
29,Female,Bachelor's,Salaried,Tier 1,67988,20657,3381,2179,1149,4220,5879,1454,4747,5635,6433,19547,323,69171,101.74,9.46,1,488,High Risk,High Risk,7479,2677.0,1
63,Female,Bachelor's,Salaried,Tier 1,48372,13829,5078,834,4778,9335,1471,2576,1734,6486,8347,0,3833,49954,103.27,17.26,0,493,High Risk,High Risk,12670,3246.0,1
53,Male,High School,Salaried,Tier 1,64548,10000,6800,2041,7758,8867,789,4810,1609,14991,12492,16135,2499,76299,118.21,19.35,1,467,High Risk,High Risk,0,3293.0,1
34,Other,Bachelor's,Salaried,Tier 1,65365,12398,4558,2115,674,4857,2783,1342,1800,6825,6227,18161,465,55978,85.64,9.53,1,474,High Risk,High Risk,5806,3935.0,1
47,Female,Bachelor's,Student,Tier 1,25291,8829,7938,1953,6015,3008,1206,4879,164,9878,5208,7117,2567,53554,211.75,20.59,1,396,High Risk,High Risk,21494,3756.0,1
26,Female,Bachelor's,Self-Employed,Tier 1,69954,18624,7652,3852,2457,7301,1373,226,4669,8641,1293,9114,3306,67215,96.08,1.85,1,497,High Risk,High Risk,0,3720.0,1
57,Male,High School,Salaried,Tier 2,66921,18885,5997,929,7663,9173,4251,4878,1200,12328,1236,0,3833,69137,103.31,1.85,0,521,High Risk,High Risk,19648,4051.0,1
44,Female,High School,Salaried,Tier 2,49564,9785,5696,1760,1330,1068,5341,3177,1177,7835,9543,0,2252,39421,79.54,19.25,0,506,High Risk,High Risk,0,2927.0,1
23,Female,Bachelor's,Self-Employed,Tier 3,71301,24293,6904,2777,639,1199,5302,2017,6667,1671,2358,4911,453,56833,79.71,3.31,1,586,Medium Risk,Medium Risk,7931,2675.0,1
33,Male,PhD,Salaried,Tier 2,88693,23350,2198,1178,3175,1282,556,442,1003,2775,17988,9508,1916,47383,53.42,20.28,1,628,Low Risk,Low Risk,0,5045.0,1
62,Female,Master's,Student,Tier 1,25529,5505,7723,1714,6345,8502,4191,1377,736,10668,6102,1456,3620,51837,203.05,23.9,1,377,High Risk,High Risk,0,4153.0,1
36,Male,PhD,Student,Tier 2,50466,14581,2540,745,1349,2774,2985,2329,1295,14142,8766,11046,2210,55996,110.96,17.37,1,494,High Risk,High Risk,0,5069.0,1
57,Male,Bachelor's,Business Owner,Tier 3,72581,22746,3055,2067,5547,9553,3329,4699,1849,1768,17548,15126,600,70339,96.91,24.18,1,506,High Risk,High Risk,0,2284.0,1
45,Female,High School,Student,Tier 2,16996,4363,9782,3100,4606,6065,2937,4604,923,3064,330,4574,1041,45059,265.12,1.94,1,318,High Risk,High Risk,0,5148.0,1
46,Female,Bachelor's,Business Owner,Tier 3,70864,13585,2858,3817,6653,5747,3227,1135,430,3396,2357,20247,1922,63017,88.93,3.33,1,498,High Risk,High Risk,0,2701.0,1
23,Male,Master's,Salaried,Tier 2,66772,17576,6779,2197,853,9236,1004,582,2770,8381,393,0,405,49783,74.56,0.59,0,595,Low Risk,Low Risk,0,3701.0,1
45,Male,Bachelor's,Self-Employed,Tier 3,56813,16757,2001,2212,6660,5618,4009,2894,569,13879,5462,0,469,55068,96.93,9.61,0,543,High Risk,High Risk,0,3070.0,1
54,Male,PhD,Freelancer,Tier 1,58298,14149,10936,3050,2082,4775,3468,2565,1017,14018,11106,9309,1277,66646,114.32,19.05,1,469,High Risk,High Risk,0,3125.0,1
27,Male,PhD,Freelancer,Tier 1,63321,12207,9543,1179,7316,4165,3709,784,3839,13804,6501,17123,4474,78143,123.41,10.27,1,460,High Risk,High Risk,0,4651.0,1
31,Female,High School,Salaried,Tier 1,54140,13672,9224,919,1465,6640,3751,3745,1897,3421,9473,0,417,45151,83.4,17.5,0,492,High Risk,High Risk,0,2241.0,1
30,Female,Master's,Salaried,Tier 2,77181,26972,6642,3935,6904,1036,5254,1617,1798,10297,9423,6813,3361,74629,96.69,12.21,1,497,High Risk,High Risk,0,4510.0,1
49,Male,Master's,Freelancer,Tier 2,46762,10151,10882,3719,7755,2523,5578,3858,520,4857,5617,9530,3498,62871,134.45,12.01,1,464,High Risk,High Risk,0,3750.0,1
55,Male,High School,Business Owner,Tier 1,68762,22631,7347,3599,4724,4341,5415,4944,804,11551,15665,17991,4587,87934,127.88,22.78,1,485,High Risk,High Risk,10630,2382.0,1
46,Female,PhD,Salaried,Tier 2,73609,20725,2975,2303,3437,5687,3610,290,921,1214,11675,9096,1013,51271,69.65,15.86,1,567,Medium Risk,Medium Risk,0,4108.0,1
50,Male,Bachelor's,Business Owner,Tier 2,84791,18025,10182,1291,7756,3580,1448,2376,1543,8275,4411,23810,3176,81462,96.07,5.2,1,481,High Risk,High Risk,1329,4738.0,1
58,Male,Master's,Salaried,Tier 3,74262,12666,9632,1714,6653,8923,3838,982,963,8611,8303,15252,1974,71208,95.89,11.18,1,468,High Risk,High Risk,0,4168.0,1
46,Male,Bachelor's,Self-Employed,Tier 1,68800,13526,7217,3359,6835,6741,5422,3696,23,8291,7609,14523,1996,71629,104.11,11.06,1,498,High Risk,High Risk,0,3231.0,1
43,Female,Master's,Freelancer,Tier 2,58067,13308,5948,592,885,5231,5256,2213,1763,1177,922,0,1173,37546,64.66,1.59,0,641,Low Risk,Low Risk,0,2394.0,1
51,Female,Bachelor's,Salaried,Tier 1,46604,12110,4972,2045,6218,5789,4184,606,1257,9123,6671,0,265,46569,99.92,14.31,0,481,High Risk,High Risk,8170,3081.0,1
54,Female,Bachelor's,Salaried,Tier 3,60837,19726,7709,1423,7869,2955,5073,3728,1689,8549,1831,0,3185,61906,101.76,3.01,0,516,High Risk,High Risk,0,3635.0,1
61,Male,Bachelor's,Freelancer,Tier 1,37084,9701,7318,1979,2920,2922,4154,878,474,1760,2110,9760,1902,43768,118.02,5.69,1,452,High Risk,High Risk,0,2898.0,1
36,Female,High School,Salaried,Tier 3,37985,10061,2954,3108,7657,8215,5080,2019,1248,13108,2686,0,2528,55978,147.37,7.07,0,458,High Risk,High Risk,0,2828.0,1
53,Male,High School,Business Owner,Tier 1,69466,22284,11070,2122,7102,8837,1914,3162,958,12422,7444,11653,2176,83700,120.49,10.72,1,482,High Risk,High Risk,0,2870.0,1
36,Male,Master's,Self-Employed,Tier 1,64132,11173,7562,1107,6470,3581,457,200,7,8670,11585,0,3847,43074,67.16,18.06,0,571,Medium Risk,Medium Risk,402,4559.0,1
27,Female,Bachelor's,Salaried,Tier 3,63418,9757,7690,1868,7780,3700,4802,906,4861,8999,9950,0,2165,52528,82.83,15.69,0,509,High Risk,High Risk,0,3868.0,1
22,Male,PhD,Salaried,Tier 3,69428,12815,7088,997,5976,8882,5961,2103,4789,9247,11664,5005,704,63567,91.56,16.8,1,470,High Risk,High Risk,879,4049.0,1
30,Male,Bachelor's,Salaried,Tier 2,60793,16952,3533,2776,5663,1728,5563,1067,539,4457,13978,0,1331,43609,71.73,22.99,0,549,High Risk,High Risk,12305,3726.0,1
48,Male,Bachelor's,Freelancer,Tier 1,46502,11328,10645,3817,1894,8147,2796,1827,691,12414,5942,10071,780,64410,138.51,12.78,1,459,High Risk,High Risk,0,2042.0,1
34,Female,Bachelor's,Salaried,Tier 2,58578,15774,10706,3057,4327,7993,5467,2780,210,14621,7743,15513,251,80699,137.76,13.22,1,507,High Risk,High Risk,0,2514.0,1
46,Female,High School,Business Owner,Tier 2,68127,11341,6732,1808,3424,849,5642,3602,1604,12417,10950,0,3440,50859,74.65,16.07,0,554,High Risk,High Risk,0,2917.0,1
40,Female,Bachelor's,Self-Employed,Tier 2,62250,21093,3222,3876,7572,7207,1697,1327,1433,12224,14816,16419,3800,79870,128.31,23.8,1,448,High Risk,High Risk,2720,4361.0,1
48,Male,High School,Self-Employed,Tier 3,43645,8009,2610,2008,3173,1993,2114,2820,1530,14683,10552,4870,1449,45259,103.7,24.18,1,450,High Risk,High Risk,0,2724.0,1
33,Male,Bachelor's,Freelancer,Tier 1,53484,14646,4529,3961,6212,7742,823,556,262,5352,9685,0,3308,47391,88.61,18.11,0,552,High Risk,High Risk,0,2745.0,1
59,Male,Bachelor's,Student,Tier 2,15292,2513,4910,1044,2725,3338,1256,2103,26,3269,2537,0,4341,25525,166.92,16.59,0,423,High Risk,High Risk,0,5159.0,1
60,Female,Bachelor's,Freelancer,Tier 3,69093,13591,7562,709,7799,4294,5020,3937,1159,9216,13132,3807,2235,59329,85.87,19.01,1,502,High Risk,High Risk,0,2667.0,1
55,Other,Bachelor's,Salaried,Tier 3,68340,15591,3085,3513,642,5769,5788,2697,1292,3660,1282,3753,1457,47247,69.14,1.88,1,604,Low Risk,Low Risk,0,2815.0,1
28,Male,Bachelor's,Salaried,Tier 1,70771,20262,9423,3143,6630,5603,385,1886,2790,11313,9083,0,4333,65768,92.93,12.83,0,514,High Risk,High Risk,35496,4434.0,1
50,Female,Master's,Salaried,Tier 2,71359,24450,9771,2140,2182,5161,2914,4573,1437,4263,11938,0,4305,61196,85.76,16.73,0,541,High Risk,High Risk,0,4067.0,1
26,Male,Bachelor's,Self-Employed,Tier 3,52751,12831,5629,3590,7538,6105,5338,1094,6137,3147,1954,0,4477,55886,105.94,3.7,0,496,High Risk,High Risk,0,4530.0,1
49,Male,Bachelor's,Self-Employed,Tier 2,62973,21171,11218,1774,3836,9349,4696,2480,1420,5091,12508,0,897,61932,98.35,19.86,0,532,High Risk,High Risk,5114,3799.0,1
64,Male,Bachelor's,Student,Tier 1,22309,6073,3098,1811,2752,8044,5291,1426,331,14250,1757,2073,3457,48606,217.88,7.88,1,383,High Risk,High Risk,9415,4248.0,1
27,Male,Bachelor's,Salaried,Tier 1,68387,13561,4165,2845,3258,1876,4752,650,3180,2684,12913,20323,4512,61806,90.38,18.88,1,473,High Risk,High Risk,0,3948.0,1
54,Female,Bachelor's,Self-Employed,Tier 1,71161,13439,4167,3352,4001,5340,5275,2598,1417,13006,17281,0,1825,54420,76.47,24.28,0,556,High Risk,High Risk,21765,2954.0,1
51,Female,PhD,Salaried,Tier 1,71560,15561,10803,3972,4084,2154,5994,4276,32,8971,15400,8329,3377,67553,94.4,21.52,1,502,High Risk,High Risk,0,3566.0,1
37,Female,Bachelor's,Salaried,Tier 2,67858,18150,9677,1606,7419,3425,3834,2807,1606,1340,5636,8629,1141,59634,87.88,8.31,1,517,High Risk,High Risk,0,3913.0,1
36,Female,High School,Self-Employed,Tier 3,70921,23212,9670,1074,6455,4463,250,4002,1875,12607,3781,0,3145,66753,94.12,5.33,0,542,High Risk,High Risk,0,3724.0,1
44,Male,High School,Business Owner,Tier 2,68001,11159,8793,2402,5123,1004,4051,2419,590,6136,1250,0,4080,45757,67.29,1.84,0,611,Low Risk,Low Risk,20012,3459.0,1
27,Male,Master's,Salaried,Tier 3,64983,10849,2561,1980,5147,4501,3071,2456,2418,13487,1692,7981,2813,57264,88.12,2.6,1,518,High Risk,Medium Risk,0,3502.0,0
37,Male,Bachelor's,Freelancer,Tier 2,52131,14356,7465,2073,1371,2305,4254,3704,634,6587,7063,15051,1337,59137,113.44,13.55,1,460,High Risk,High Risk,2385,2781.0,1
55,Female,High School,Freelancer,Tier 1,42456,9551,2663,3813,5773,3140,3446,1673,600,6592,9837,0,4577,41828,98.52,23.17,0,478,High Risk,High Risk,14031,2435.0,1
56,Male,Master's,Freelancer,Tier 2,66135,19439,2838,3776,3831,6260,4331,3118,92,12430,5658,5056,3166,64337,97.28,8.56,1,470,High Risk,High Risk,0,3466.0,1
38,Male,High School,Freelancer,Tier 3,44653,10575,9641,1491,1583,8929,1216,2609,1456,11739,2342,10019,554,59812,133.95,5.24,1,469,High Risk,High Risk,0,1971.0,1
27,Other,Bachelor's,Self-Employed,Tier 1,53598,15358,11447,1850,7596,3011,4497,2144,6692,11886,1467,3926,1258,69665,129.98,2.74,1,488,High Risk,High Risk,3517,5042.0,1
47,Female,Bachelor's,Salaried,Tier 1,70134,18070,2185,2778,5754,3247,2172,4576,1946,14611,854,11805,3033,70177,100.06,1.22,1,492,High Risk,High Risk,0,3211.0,1
63,Male,Bachelor's,Salaried,Tier 1,61341,9630,8034,2852,3952,7546,3579,1255,510,3080,6390,0,1843,42281,68.93,10.42,0,578,Low Risk,Low Risk,0,3127.0,1
45,Female,Master's,Salaried,Tier 2,81960,22219,6530,1453,7267,5045,3816,2675,1575,11881,8773,0,987,63448,77.41,10.7,0,557,Medium Risk,Medium Risk,0,4369.0,1
38,Female,Bachelor's,Freelancer,Tier 1,34530,9932,7193,2073,3009,6990,3962,640,972,8170,2048,0,4097,47038,136.22,5.93,0,457,High Risk,High Risk,6086,2774.0,1
27,Male,Bachelor's,Salaried,Tier 3,56892,9981,5190,3282,4577,2979,5832,3111,4791,1158,17,12919,4882,58702,103.18,0.03,1,493,High Risk,High Risk,0,3610.0,1
29,Female,Bachelor's,Student,Tier 1,25121,7451,9108,2274,5631,3662,3213,739,4599,14423,4531,0,2516,53616,213.43,18.04,0,399,High Risk,High Risk,0,4705.0,1
62,Male,Bachelor's,Self-Employed,Tier 2,45202,11129,11292,869,3465,2302,4446,1392,1969,11920,4336,0,1424,50208,111.07,9.59,0,465,High Risk,High Risk,0,4714.0,1
47,Female,Master's,Self-Employed,Tier 1,76111,15822,9018,2021,5254,2901,552,1196,584,7948,14000,0,1818,47114,61.9,18.39,0,607,Medium Risk,Medium Risk,10431,4045.0,1
33,Male,Bachelor's,Self-Employed,Tier 3,66684,10482,4781,3610,1288,2741,4159,4825,1360,8583,11808,6149,3917,51895,77.82,17.71,1,509,High Risk,High Risk,0,2886.0,1
62,Male,PhD,Student,Tier 2,36888,7085,4523,1193,7185,4023,1508,2290,1800,14873,7682,3935,2430,50845,137.84,20.83,1,430,High Risk,High Risk,1342,5939.0,1
33,Male,Master's,Business Owner,Tier 2,90876,25162,3327,932,1855,2201,2811,4997,139,12147,4271,5762,3171,62504,68.78,4.7,1,606,Low Risk,Low Risk,13402,2975.0,1
54,Male,Bachelor's,Business Owner,Tier 2,66758,23342,8192,3933,4170,3448,468,2085,1683,13389,9652,8168,2267,71145,106.57,14.46,1,501,High Risk,High Risk,0,3689.0,1
58,Male,High School,Self-Employed,Tier 2,39957,7678,8582,2470,7439,3445,2018,1617,1794,11943,1063,0,1423,48409,121.15,2.66,0,465,High Risk,High Risk,9193,4993.0,1
60,Male,Master's,Self-Employed,Tier 2,48480,14589,5159,1083,3864,5201,3147,266,1399,4603,6175,11939,4492,55742,114.98,12.74,1,463,High Risk,High Risk,0,4948.0,1
41,Male,High School,Business Owner,Tier 2,73331,22641,4156,3572,640,6785,3059,4321,1530,9355,15276,19869,4957,80885,110.3,20.83,1,467,High Risk,High Risk,0,3018.0,1
26,Male,Bachelor's,Freelancer,Tier 2,42214,8347,10689,1721,1107,5881,4400,3732,5699,7400,3268,0,2737,51713,122.5,7.74,0,497,High Risk,High Risk,4130,3228.0,1
51,Female,High School,Self-Employed,Tier 1,37972,6344,5872,2552,7453,5899,5922,4694,1117,2093,5408,0,3218,45164,118.94,14.24,0,491,High Risk,High Risk,0,2748.0,1
42,Female,High School,Salaried,Tier 2,48253,9931,6240,739,4070,5922,772,3490,1980,12481,3794,9705,3433,58763,121.78,7.86,1,407,High Risk,High Risk,0,3978.0,1
46,Other,Bachelor's,Salaried,Tier 2,43919,13631,4235,2313,1686,6380,874,2671,1177,4841,4261,0,2865,40673,92.61,9.7,0,480,High Risk,High Risk,0,4796.0,1
26,Female,High School,Student,Tier 3,20282,6306,8638,1111,4715,5096,2892,3512,3061,3780,2818,0,1082,40193,198.17,13.89,0,384,High Risk,High Risk,11104,4043.0,1
43,Other,High School,Salaried,Tier 1,55479,16810,11608,1057,2900,8018,5641,1997,450,10862,10982,9133,556,69032,124.43,19.79,1,475,High Risk,High Risk,0,3145.0,1
57,Male,High School,Freelancer,Tier 3,24122,4417,5496,2374,4543,707,661,4202,1524,9870,3760,0,829,34623,143.53,15.59,0,459,High Risk,High Risk,0,2371.0,1
50,Male,High School,Business Owner,Tier 1,60123,18552,2149,2245,3094,9308,2032,1253,1971,6099,14037,7343,3656,57702,95.97,23.35,1,455,High Risk,High Risk,0,2642.0,1
48,Female,Bachelor's,Business Owner,Tier 1,73575,19129,2068,1138,6192,9576,1104,2357,692,1576,1751,0,3365,47197,64.15,2.38,0,680,Low Risk,Low Risk,1903,2119.0,1
33,Male,Bachelor's,Business Owner,Tier 3,71932,13562,10648,3561,4774,3541,693,4110,1400,8651,494,0,3487,54427,75.66,0.69,0,618,Low Risk,Low Risk,7629,2728.0,1
32,Male,Master's,Salaried,Tier 2,64403,18881,2948,2163,3062,8426,1560,2701,110,12594,15727,17093,2283,71821,111.52,24.42,1,445,High Risk,High Risk,0,3862.0,1
29,Female,Master's,Salaried,Tier 2,81949,16343,9051,2602,4548,9003,5310,2478,472,12717,12301,0,1602,64126,78.25,15.01,0,565,High Risk,High Risk,0,3583.0,1
56,Female,Bachelor's,Salaried,Tier 1,74984,12140,10462,822,4813,7655,3019,4504,42,13149,809,18209,4899,79714,106.31,1.08,1,520,High Risk,High Risk,0,3071.0,1
54,Female,PhD,Salaried,Tier 2,86022,16241,5015,2601,7736,3648,926,1317,349,1478,21171,5798,672,45781,53.22,24.61,1,570,Low Risk,Medium Risk,0,5199.0,0
39,Other,PhD,Salaried,Tier 3,87775,17440,2101,2003,7742,7631,3725,3829,409,2010,798,10238,2258,59386,67.66,0.91,1,571,Low Risk,Low Risk,57745,4705.0,1
25,Female,Bachelor's,Salaried,Tier 2,68336,17880,7764,3070,4848,5116,2822,337,992,6815,13664,7733,3892,61269,89.66,20.0,1,492,High Risk,High Risk,0,4047.0,1
50,Male,Bachelor's,Freelancer,Tier 2,52888,18233,3584,3704,1255,1274,3859,1364,820,7170,9673,0,1010,42273,79.93,18.29,0,510,High Risk,High Risk,0,3039.0,1
29,Male,Master's,Salaried,Tier 1,76482,20552,11982,3238,4544,6482,2668,2582,3560,6058,18844,0,2864,64530,84.37,24.64,0,533,High Risk,High Risk,0,4208.0,1
35,Male,High School,Salaried,Tier 2,54183,16234,8210,3161,2519,1031,2035,2614,1728,7211,5309,2805,778,48326,89.19,9.8,1,456,High Risk,High Risk,0,3771.0,1
61,Male,Bachelor's,Business Owner,Tier 3,68045,13776,10667,1503,7658,2903,5066,4664,939,14007,14132,0,1744,62927,92.48,20.77,0,491,High Risk,High Risk,19983,3226.0,1
57,Female,Bachelor's,Self-Employed,Tier 1,50346,16569,6626,2501,5386,8657,5071,2889,868,12668,392,0,3827,65062,129.23,0.78,0,453,High Risk,High Risk,4907,3666.0,1
40,Female,High School,Salaried,Tier 3,57981,9640,2837,2928,6674,4379,562,3044,1843,968,9762,4330,3688,40893,70.53,16.84,1,531,Medium Risk,High Risk,0,2909.0,0
39,Female,PhD,Salaried,Tier 3,90303,15061,7489,2025,643,8017,3798,1819,1318,9024,6714,0,4276,53470,59.21,7.43,0,664,Low Risk,Low Risk,0,3308.0,1
32,Male,Bachelor's,Salaried,Tier 3,67294,17974,8950,3438,1244,2563,492,2606,605,1691,13891,0,4214,43777,65.05,20.64,0,581,Medium Risk,Medium Risk,0,3313.0,1
24,Female,Bachelor's,Salaried,Tier 3,65659,17678,8516,2679,2085,1421,2997,1015,7803,9758,9606,8908,2827,65687,100.04,14.63,1,481,High Risk,High Risk,6836,3697.0,1
61,Female,Bachelor's,Salaried,Tier 1,60691,13519,10064,1490,1946,3109,4156,1819,199,6868,6004,0,4406,47576,78.39,9.89,0,561,Medium Risk,Medium Risk,0,3171.0,1
39,Female,Bachelor's,Business Owner,Tier 1,77742,12382,4774,2988,6200,3905,2791,3528,945,4366,3756,8681,2919,53479,68.79,4.83,1,618,Low Risk,Low Risk,12688,2079.0,1
41,Male,High School,Freelancer,Tier 3,47511,16127,8420,2691,6894,7222,1633,3181,804,10429,3457,10491,3333,71225,149.91,7.28,1,464,High Risk,High Risk,25054,2709.0,1
23,Male,Bachelor's,Salaried,Tier 1,64802,12372,10863,3965,5011,3959,1823,4567,1196,13928,7733,0,4496,62180,95.95,11.93,0,513,High Risk,High Risk,0,3592.0,1
52,Female,Bachelor's,Salaried,Tier 1,64853,17839,5763,2272,4619,4478,2647,4748,902,7923,4868,16095,2826,70112,108.11,7.51,1,436,High Risk,High Risk,8343,3310.0,1
56,Male,Master's,Salaried,Tier 2,65628,19433,7029,1230,4128,3409,4152,995,1320,10799,6797,14542,3947,70984,108.16,10.36,1,481,High Risk,High Risk,0,4794.0,1
43,Male,Bachelor's,Salaried,Tier 2,58343,10869,11893,3837,6252,6886,4002,4348,298,14953,6463,12605,2893,78836,135.13,11.08,1,446,High Risk,High Risk,2929,3806.0,1
46,Female,Master's,Self-Employed,Tier 1,71320,13384,4480,3738,6046,5968,2529,1987,1977,8175,8376,0,4643,52927,74.21,11.74,0,554,Medium Risk,Medium Risk,0,4134.0,1
30,Male,Master's,Salaried,Tier 2,77424,12642,2141,2647,3739,4037,3506,4826,1030,4788,4660,0,2214,41570,53.69,6.02,0,656,Low Risk,Low Risk,0,3361.0,1
45,Female,Bachelor's,Self-Employed,Tier 2,46696,11365,2604,1432,3987,1320,634,3384,392,14190,9463,13585,1511,54404,116.51,20.27,1,468,High Risk,High Risk,0,3455.0,1
42,Female,Bachelor's,Self-Employed,Tier 3,56515,10504,10449,3293,5996,8997,2384,3438,425,12884,6763,11975,4234,74579,131.96,11.97,1,421,High Risk,High Risk,0,3462.0,1
64,Male,High School,Salaried,Tier 1,56499,11819,5618,2703,3773,879,3104,3890,167,4450,7823,0,1822,38225,67.66,13.85,0,557,Medium Risk,Medium Risk,0,2923.0,1
41,Male,Master's,Self-Employed,Tier 2,42827,7546,10305,3196,5311,4878,5174,1562,1316,5523,3146,5542,1571,51924,121.24,7.35,1,456,High Risk,High Risk,10663,4371.0,1
36,Male,Master's,Business Owner,Tier 2,99926,28459,3654,2898,2089,1598,739,2456,1229,3880,11233,0,275,47277,47.31,11.24,0,693,Low Risk,Low Risk,6909,3509.0,1
62,Female,Master's,Self-Employed,Tier 3,67944,13573,5054,1358,5441,2348,5676,4196,1407,12961,2357,9907,4759,66680,98.14,3.47,1,513,High Risk,High Risk,9231,3668.0,1
46,Female,Bachelor's,Salaried,Tier 3,58100,12013,10756,2748,6809,7874,4691,2219,1663,3115,4928,0,2394,54282,93.43,8.48,0,509,High Risk,High Risk,0,3315.0,1
35,Female,Master's,Salaried,Tier 2,69460,21913,9719,1998,7509,7381,2075,3063,1821,3981,6746,0,2555,62015,89.28,9.71,0,538,High Risk,High Risk,0,4464.0,1
22,Female,High School,Salaried,Tier 3,48472,9766,7319,3416,2935,9856,5981,3125,2352,7411,4103,4331,3969,60461,124.73,8.46,1,472,High Risk,High Risk,0,1995.0,1
38,Female,High School,Salaried,Tier 3,52703,12864,6594,2414,2339,6015,1685,3871,1323,4159,6952,0,3478,44742,84.89,13.19,0,497,High Risk,High Risk,0,2705.0,1
27,Female,Bachelor's,Student,Tier 3,22543,4427,6874,2720,4687,8757,3101,3353,5635,9187,3566,2330,3973,55044,244.17,15.82,1,391,High Risk,High Risk,5703,3958.0,1
53,Male,Bachelor's,Student,Tier 1,27736,4200,8700,2135,7617,8819,5639,1352,334,2695,307,0,296,41787,150.66,1.11,0,431,High Risk,High Risk,0,4802.0,1
64,Male,Bachelor's,Freelancer,Tier 1,49110,11302,6874,2312,6190,756,723,4425,650,12259,1556,6141,4488,56120,114.27,3.17,1,467,High Risk,High Risk,13496,3521.0,1
56,Female,Bachelor's,Business Owner,Tier 2,86755,25403,8891,1724,5858,5991,3104,3759,193,14482,6992,0,3449,72854,83.98,8.06,0,549,High Risk,High Risk,0,3634.0,1
23,Female,Bachelor's,Salaried,Tier 1,78114,15118,8470,584,7001,7816,3071,522,1163,10705,10356,0,2724,57174,73.19,13.26,0,568,Medium Risk,Medium Risk,0,3583.0,1
45,Female,Master's,Salaried,Tier 1,73142,11089,9634,2813,5314,4472,1906,4316,1453,2223,10996,10857,3807,57884,79.14,15.03,1,519,High Risk,High Risk,0,3629.0,1
58,Male,Bachelor's,Self-Employed,Tier 2,54718,14063,10104,916,6266,1816,3212,3383,778,4222,4887,0,2939,47699,87.17,8.93,0,473,High Risk,High Risk,0,5140.0,1
56,Female,Bachelor's,Salaried,Tier 3,62105,11401,10633,1280,3156,8431,1060,1698,1555,2354,2080,17692,553,59813,96.31,3.35,1,512,High Risk,High Risk,0,2970.0,1
48,Other,Bachelor's,Salaried,Tier 1,48760,15318,5913,2104,7194,5664,2093,1828,136,3102,8928,0,3846,47198,96.8,18.31,0,498,High Risk,High Risk,0,4614.0,1
57,Female,PhD,Salaried,Tier 2,77620,24273,8816,1142,3362,9875,263,1110,744,4723,8515,9357,970,64635,83.27,10.97,1,524,High Risk,High Risk,0,4603.0,1
44,Other,PhD,Student,Tier 1,40559,10411,8792,2403,7354,3587,2888,2023,984,4211,3980,0,1692,44345,109.33,9.81,0,466,High Risk,High Risk,0,6586.0,1
36,Female,High School,Self-Employed,Tier 3,48452,16509,2372,2748,2603,2666,3366,1175,0,9198,3615,0,1190,41827,86.33,7.46,0,548,High Risk,High Risk,5877,2491.0,1
58,Female,Bachelor's,Self-Employed,Tier 2,39481,11284,3847,2391,7434,5456,947,3826,1351,12098,8718,10864,3412,62910,159.34,22.08,1,429,High Risk,High Risk,13016,3880.0,1
38,Male,Master's,Salaried,Tier 1,44891,8677,7473,2221,6970,1675,432,4227,1133,4967,8634,12475,281,50531,112.56,19.23,1,452,High Risk,High Risk,0,3477.0,1
24,Female,Bachelor's,Freelancer,Tier 2,32460,8479,9347,3098,7874,1058,5974,4829,3134,13550,4812,8840,2153,68336,210.52,14.82,1,380,High Risk,High Risk,0,3145.0,1
35,Male,Bachelor's,Salaried,Tier 2,50738,11152,5491,1061,3923,1263,1275,3730,858,4911,11314,8106,3562,45332,89.35,22.3,1,458,High Risk,High Risk,0,3964.0,1
27,Male,High School,Self-Employed,Tier 2,46283,14086,4451,1201,3366,4999,2189,1968,1017,3421,2879,11260,3031,50989,110.17,6.22,1,443,High Risk,High Risk,0,4161.0,1
64,Male,Master's,Student,Tier 2,33305,6937,6651,2697,7861,3440,4004,351,1479,1509,5743,3065,1718,39712,119.24,17.24,1,501,High Risk,High Risk,0,5138.0,1
43,Female,Bachelor's,Salaried,Tier 1,65181,12230,2690,3988,5277,8103,1333,219,1390,4301,13342,9663,4058,53252,81.7,20.47,1,505,High Risk,High Risk,0,3312.0,1
57,Male,High School,Salaried,Tier 1,71622,19137,8715,3062,2473,6535,725,1275,1261,13901,10795,16239,4437,77760,108.57,15.07,1,502,High Risk,High Risk,14176,3560.0,1
36,Female,Bachelor's,Student,Tier 2,22753,6179,9376,3086,3908,2907,2273,414,1704,14601,1857,0,960,45408,199.57,8.16,0,420,High Risk,High Risk,0,5183.0,1
42,Female,High School,Freelancer,Tier 1,33652,10801,8345,635,7305,3055,4813,4139,545,12575,7134,1983,2068,56264,167.19,21.2,1,403,High Risk,High Risk,0,1950.0,1
47,Male,Bachelor's,Salaried,Tier 2,60271,18356,4450,1102,3663,7967,2672,4136,1880,5720,4330,12760,326,63032,104.58,7.18,1,511,High Risk,High Risk,8354,3283.0,1
30,Female,Master's,Salaried,Tier 2,75397,11744,7644,869,3587,1487,1151,1782,1250,6986,160,19051,702,56253,74.61,0.21,1,603,Low Risk,Low Risk,0,3685.0,1
36,Male,Master's,Freelancer,Tier 1,56761,15530,11696,1249,6961,8511,1112,3251,605,9270,3454,6720,3012,67917,119.65,6.09,1,462,High Risk,High Risk,0,3423.0,1
32,Male,PhD,Self-Employed,Tier 1,70248,17783,4380,1850,1417,5992,3021,2323,735,2693,7387,11976,3664,55834,79.48,10.52,1,523,High Risk,High Risk,0,4045.0,1
40,Male,Bachelor's,Salaried,Tier 1,62080,14584,6566,2105,2471,7300,1999,1371,216,8798,13733,14319,4871,64600,104.06,22.12,1,507,High Risk,High Risk,1797,3134.0,1
39,Female,High School,Salaried,Tier 1,53582,15666,4102,3539,7259,5544,3583,4019,849,743,3177,0,3301,48605,90.71,5.93,0,514,High Risk,High Risk,12805,3000.0,1
49,Female,Master's,Salaried,Tier 2,78265,27281,3315,2432,7105,3831,2083,2727,1174,9820,16640,20992,3778,84538,108.02,21.26,1,467,High Risk,High Risk,7326,4874.0,1
51,Male,High School,Student,Tier 2,20781,6560,2559,2476,3446,5193,5078,4576,1897,4560,3004,0,1016,37361,179.78,14.46,0,448,High Risk,High Risk,0,3961.0,1
46,Male,Master's,Freelancer,Tier 1,75668,11939,2131,1358,7254,7441,4395,2018,964,2763,15561,7954,360,48577,64.2,20.56,1,567,Medium Risk,Medium Risk,0,2753.0,1
55,Male,Bachelor's,Student,Tier 3,36784,8132,3709,1168,5916,2295,4107,1461,797,8939,4784,5171,700,42395,115.25,13.01,1,453,High Risk,High Risk,0,4158.0,1
43,Male,Master's,Salaried,Tier 3,74469,22569,9675,2851,2790,9387,2204,4024,1375,7732,15094,18987,2613,84207,113.08,20.27,1,476,High Risk,High Risk,0,3384.0,1
56,Female,High School,Salaried,Tier 1,54453,17222,10550,962,4436,9832,373,1901,1172,6663,580,0,740,53851,98.89,1.07,0,510,High Risk,High Risk,5811,3199.0,1
25,Female,Master's,Freelancer,Tier 1,63385,17240,7891,830,3463,5759,2420,4915,1637,8777,9587,17469,1687,72088,113.73,15.13,1,461,High Risk,High Risk,0,2432.0,1
27,Male,Master's,Salaried,Tier 1,73369,15549,11600,3506,3228,5190,1341,4618,7407,1592,15648,0,1464,55495,75.64,21.33,0,539,High Risk,High Risk,0,4088.0,1
49,Female,PhD,Student,Tier 2,16928,4440,6159,2165,2819,2791,4913,4885,512,665,2462,4911,2791,37051,218.87,14.54,1,346,High Risk,High Risk,0,5158.0,1
26,Male,PhD,Student,Tier 1,49808,10928,6896,3612,2425,3349,2903,2970,5717,4326,11494,10453,1514,55093,110.61,23.08,1,471,High Risk,High Risk,16569,4734.0,1
40,Male,PhD,Business Owner,Tier 2,91607,17361,6980,1675,5006,1464,2644,3733,1373,10625,15916,23770,2737,77368,84.46,17.37,1,496,High Risk,High Risk,0,5061.0,1
36,Female,Bachelor's,Salaried,Tier 2,55778,16317,8103,2364,5057,8801,1509,1460,671,8306,8799,4272,4059,60919,109.22,15.78,1,466,High Risk,High Risk,0,3785.0,1
46,Male,Master's,Salaried,Tier 2,78854,16894,4199,2276,6122,1285,2230,221,751,2356,2824,16478,4069,56881,72.13,3.58,1,606,Low Risk,Low Risk,0,4756.0,1
43,Female,High School,Salaried,Tier 3,64427,17414,6376,3808,6442,4496,5296,4828,1352,2213,4512,18640,4772,75637,117.4,7.0,1,516,High Risk,High Risk,21267,2678.0,1
64,Male,Bachelor's,Salaried,Tier 2,65086,13969,11175,807,6860,1362,551,1054,1523,8005,11969,3278,3393,51977,79.86,18.39,1,475,High Risk,High Risk,0,5370.0,1
23,Male,Master's,Salaried,Tier 2,81721,13430,2995,3013,5653,4073,5294,944,978,3342,6428,0,4690,44412,54.35,7.87,0,705,Low Risk,Low Risk,0,3884.0,1
29,Female,High School,Salaried,Tier 2,49126,9912,3848,3452,4702,5737,1521,2628,1351,3762,5145,10816,339,48068,97.85,10.47,1,486,High Risk,High Risk,694,2939.0,1
61,Female,Master's,Freelancer,Tier 1,58553,19984,9023,2655,5759,606,4103,1883,812,12154,8409,0,1290,58269,99.51,14.36,0,522,High Risk,High Risk,0,3099.0,1
43,Female,Bachelor's,Salaried,Tier 1,59378,12787,10192,3156,6350,2214,490,817,689,2766,4793,8103,1502,49066,82.63,8.07,1,528,High Risk,High Risk,0,3477.0,1
35,Female,Bachelor's,Salaried,Tier 2,73175,22639,9097,722,4760,1989,316,1805,1124,13328,8068,16633,2484,74897,102.35,11.03,1,505,High Risk,High Risk,4470,4303.0,1
33,Female,Bachelor's,Salaried,Tier 2,75015,20834,11618,2096,4601,5327,4806,2259,366,7380,12713,3883,845,64015,85.34,16.95,1,489,High Risk,High Risk,7903,3602.0,1
38,Female,Bachelor's,Self-Employed,Tier 2,72409,19779,3859,1276,5835,9266,2198,2668,1709,10416,14094,0,4932,61938,85.54,19.46,0,495,High Risk,High Risk,13054,4646.0,1
37,Other,PhD,Self-Employed,Tier 2,57302,19293,11593,918,3572,3855,4164,4531,672,4910,3095,0,915,54423,94.98,5.4,0,487,High Risk,High Risk,0,5812.0,1
55,Female,Bachelor's,Salaried,Tier 1,57993,11648,10275,3812,2416,6268,2700,231,171,1858,11994,0,506,39885,68.78,20.68,0,566,Medium Risk,Medium Risk,5404,2559.0,1
54,Male,PhD,Salaried,Tier 3,66367,12915,10183,593,7088,2370,1373,4199,46,11904,11115,0,1906,52577,79.22,16.75,0,497,High Risk,High Risk,0,4836.0,1
38,Other,Master's,Freelancer,Tier 1,24306,4378,10997,3299,7670,2908,2064,4957,1730,1161,1590,5918,3355,48437,199.28,6.54,1,386,High Risk,High Risk,0,4634.0,1
32,Female,Master's,Salaried,Tier 3,58063,10912,8648,2915,4628,2561,3654,672,982,10635,13751,13152,3222,61981,106.75,23.68,1,477,High Risk,High Risk,22819,3326.0,1
60,Male,High School,Freelancer,Tier 2,33159,5644,10018,2393,5223,9498,3585,4418,1568,5255,8117,5218,366,53186,160.4,24.48,1,409,High Risk,High Risk,400,2263.0,1
44,Male,Bachelor's,Salaried,Tier 2,61796,20606,4255,528,6751,1285,5361,997,1609,10002,5990,3744,543,55681,90.1,9.69,1,497,High Risk,High Risk,0,4182.0,1
57,Other,Bachelor's,Salaried,Tier 1,62031,21266,11586,1839,3167,3053,3082,1655,983,13100,14154,0,4295,64026,103.22,22.82,0,551,High Risk,High Risk,0,4452.0,1
44,Female,Bachelor's,Self-Employed,Tier 2,52980,14246,4914,2578,5260,6227,3848,4134,1849,7623,12345,8587,4838,64104,121.0,23.3,1,455,High Risk,High Risk,0,3683.0,1
59,Male,Master's,Student,Tier 2,31638,4881,9274,2178,7143,4451,3622,1132,1345,11788,7888,4967,1334,52115,164.72,24.93,1,385,High Risk,High Risk,2706,5284.0,1
50,Female,Master's,Salaried,Tier 2,67152,14282,2448,565,2892,911,4914,813,1072,8878,13869,0,4161,40936,60.96,20.65,0,602,Medium Risk,Medium Risk,0,3992.0,1
31,Male,High School,Student,Tier 2,17298,3230,5026,3471,4871,5696,5453,1332,213,10959,3448,4417,4461,49129,284.02,19.93,1,356,High Risk,High Risk,0,4547.0,1
56,Male,PhD,Salaried,Tier 3,75052,15923,7279,2655,7299,5606,829,2096,1360,6809,9019,12891,1369,64116,85.43,12.02,1,516,High Risk,High Risk,4634,4649.0,1
25,Female,High School,Salaried,Tier 3,58134,14024,5346,2536,1030,562,2660,4169,2378,10424,6873,7266,2801,53196,91.51,11.82,1,467,High Risk,High Risk,0,2539.0,1
62,Male,Bachelor's,Salaried,Tier 2,72416,23556,3160,1875,2026,5607,3410,3308,1891,7696,552,0,1408,53937,74.48,0.76,0,591,Low Risk,Low Risk,0,3570.0,1
35,Female,Bachelor's,Self-Employed,Tier 1,39918,12016,7299,2108,1611,3194,3774,3909,1523,5633,439,3098,4637,48802,122.26,1.1,1,446,High Risk,High Risk,0,3260.0,1
64,Other,PhD,Salaried,Tier 1,73608,14881,9177,3110,2048,7759,291,4438,151,9565,433,21073,2198,74691,101.47,0.59,1,459,High Risk,High Risk,1608,5045.0,1
25,Female,Master's,Business Owner,Tier 3,96412,27386,2293,2365,7043,4523,220,507,1705,9152,18800,0,725,55919,58.0,19.5,0,637,Low Risk,Low Risk,0,3474.0,1
46,Female,Bachelor's,Salaried,Tier 3,52218,16476,10848,2918,5181,2397,1198,2463,840,3924,11892,0,4112,50357,96.44,22.77,0,532,High Risk,High Risk,0,3289.0,1
59,Male,High School,Salaried,Tier 2,58167,13894,3867,1131,3764,799,683,2844,1941,5102,9397,14205,1760,49990,85.94,16.16,1,510,High Risk,High Risk,10595,3966.0,1
26,Female,Master's,Salaried,Tier 1,67180,14523,10797,3430,7020,2327,3593,3341,2414,10533,10057,11437,2713,72128,107.37,14.97,1,494,High Risk,High Risk,22089,3577.0,1
33,Male,High School,Self-Employed,Tier 3,63936,17810,3488,2018,1234,5912,2050,2174,121,11204,11432,13845,1985,61841,96.72,17.88,1,504,High Risk,High Risk,0,2657.0,1
31,Male,Bachelor's,Self-Employed,Tier 1,55805,9871,3892,3912,4578,925,1538,4123,1262,5912,1975,0,1229,37242,66.74,3.54,0,592,Low Risk,Low Risk,0,3136.0,1
23,Male,PhD,Business Owner,Tier 1,87905,26843,9660,2965,5860,6200,2385,1668,552,6638,14880,19949,287,83007,94.43,16.93,1,511,High Risk,High Risk,0,3837.0,1
55,Female,High School,Self-Employed,Tier 1,52983,15552,6714,3658,6902,6735,2533,3093,411,13183,10709,0,3327,62108,117.22,20.21,0,488,High Risk,High Risk,0,3177.0,1
33,Male,PhD,Self-Employed,Tier 2,79148,13900,10813,2750,6355,7810,5420,1809,1597,3128,4681,0,351,53933,68.14,5.91,0,629,Low Risk,Low Risk,0,4590.0,1
55,Male,PhD,Business Owner,Tier 1,101078,32049,2509,3685,3363,2040,1033,3498,1960,6209,14996,17870,373,74589,73.79,14.84,1,603,Medium Risk,Medium Risk,0,3661.0,1
31,Male,Master's,Salaried,Tier 1,68773,20067,11989,1031,1959,9133,364,875,702,8587,5204,18943,1401,75051,109.13,7.57,1,470,High Risk,High Risk,14475,3735.0,1
57,Male,Bachelor's,Self-Employed,Tier 2,57411,9205,9378,3076,7879,2832,3808,4543,1067,3117,9078,0,3418,48323,84.17,15.81,0,494,High Risk,High Risk,0,4808.0,1
41,Female,Master's,Salaried,Tier 3,65834,11460,9595,831,7311,8194,2724,4204,743,14100,12064,17506,594,77262,117.36,18.32,1,476,High Risk,High Risk,0,3020.0,1
57,Male,Bachelor's,Business Owner,Tier 2,81802,19408,2571,2052,6243,6245,1721,2810,1245,8997,18371,16572,4441,72305,88.39,22.46,1,528,High Risk,High Risk,9590,4064.0,1
48,Male,Bachelor's,Business Owner,Tier 3,62464,21128,10265,2843,2948,8755,395,3167,442,12776,4607,17453,2497,82669,132.35,7.38,1,480,High Risk,High Risk,4356,2533.0,1
41,Female,Master's,Salaried,Tier 1,76526,16722,8208,3887,6284,9548,1224,2625,1532,14491,1566,0,3088,67609,88.35,2.05,0,585,High Risk,Medium Risk,17073,3361.0,0
50,Male,Master's,Salaried,Tier 1,64812,15368,11816,617,792,675,3188,921,373,4199,9173,18720,3488,60157,92.82,14.15,1,512,High Risk,High Risk,24550,3888.0,1
53,Female,High School,Business Owner,Tier 2,67260,16591,4154,3155,7128,6281,3936,1255,112,6416,9128,0,1625,50653,75.31,13.57,0,579,Medium Risk,Medium Risk,19599,2891.0,1
54,Male,Master's,Salaried,Tier 3,71978,21719,5766,3960,5983,788,2124,3580,1545,10726,4829,0,264,56455,78.43,6.71,0,565,Medium Risk,Medium Risk,1170,3738.0,1
47,Female,High School,Salaried,Tier 2,64673,15992,4204,1570,775,5863,4068,1668,1301,2949,10824,0,2835,41225,63.74,16.74,0,632,Medium Risk,Low Risk,7471,2679.0,0
44,Male,Bachelor's,Self-Employed,Tier 1,52196,10483,8200,2287,3219,6271,5741,3535,789,5081,7519,11267,1445,58318,111.73,14.41,1,473,High Risk,High Risk,0,2751.0,1
59,Female,Master's,Salaried,Tier 1,75119,16536,2111,1635,7754,2927,3121,731,767,2965,15970,6811,458,45816,60.99,21.26,1,561,Medium Risk,Medium Risk,4163,3646.0,1
57,Male,High School,Freelancer,Tier 3,47806,9096,3229,714,2866,704,1584,3902,926,12399,7671,6215,856,42491,88.88,16.05,1,463,High Risk,High Risk,0,2220.0,1
58,Female,PhD,Salaried,Tier 2,80468,12501,3363,1938,7003,5593,844,2630,500,4962,12970,13626,1448,54408,67.61,16.12,1,584,Medium Risk,Medium Risk,26166,4583.0,1
44,Female,Bachelor's,Business Owner,Tier 2,69103,14531,2308,1325,4562,688,1671,2038,156,9948,5240,0,3887,41114,59.5,7.58,0,651,Low Risk,Low Risk,0,3084.0,1
51,Female,Bachelor's,Freelancer,Tier 1,44911,10797,6205,3559,2163,3982,5510,708,1733,11713,7071,7592,1508,55470,123.51,15.74,1,438,High Risk,High Risk,11530,2049.0,1
53,Other,PhD,Salaried,Tier 2,78171,22527,4321,1047,4946,1201,4980,379,119,6986,2,10685,377,57568,73.64,0.0,1,583,Low Risk,Low Risk,0,5465.0,1
24,Female,Master's,Business Owner,Tier 3,82915,17634,9830,3236,7481,7517,4121,2408,6219,4155,7907,0,2345,64946,78.33,9.54,0,564,Medium Risk,Medium Risk,4636,3459.0,1
32,Male,High School,Salaried,Tier 1,60049,20495,4355,2106,4597,5340,3518,2605,548,11941,1866,10179,1786,67470,112.36,3.11,1,439,High Risk,High Risk,0,3171.0,1
44,Male,Bachelor's,Salaried,Tier 1,70368,18192,6511,732,3936,4005,5585,3099,1457,10555,17298,0,2438,56510,80.31,24.58,0,530,High Risk,High Risk,0,3360.0,1
57,Other,High School,Freelancer,Tier 1,36328,10382,6600,523,2845,5086,1557,1800,815,8572,1608,0,3152,41332,113.77,4.43,0,463,High Risk,High Risk,21291,4034.0,1
57,Female,High School,Salaried,Tier 1,63247,11133,11055,1042,5245,4663,3107,718,1220,1586,11907,7418,1386,48573,76.8,18.83,1,514,High Risk,High Risk,4652,3163.0,1
27,Female,Master's,Student,Tier 3,37955,11723,4806,2590,4307,2490,4195,2759,4673,5875,4176,6852,2251,52521,138.38,11.0,1,458,High Risk,High Risk,0,4148.0,1
25,Female,High School,Salaried,Tier 3,46161,13159,8195,516,3323,8247,1367,3720,5407,9320,7461,4266,557,58077,125.81,16.16,1,461,High Risk,High Risk,14997,2327.0,1
36,Male,PhD,Self-Employed,Tier 1,61219,19047,5209,2005,3610,4003,3846,2624,1968,3999,7999,0,4276,50587,82.63,13.07,0,525,High Risk,High Risk,0,4604.0,1
64,Female,Bachelor's,Salaried,Tier 3,75114,22585,6809,3288,5388,4527,5107,3552,1201,4349,15449,12143,1201,70150,93.39,20.57,1,526,High Risk,High Risk,0,2801.0,1
46,Male,Bachelor's,Self-Employed,Tier 2,58763,10462,9591,1348,2307,8476,3543,3621,1821,7516,4906,0,4802,53487,91.02,8.35,0,517,High Risk,High Risk,15122,4244.0,1
55,Male,Bachelor's,Salaried,Tier 1,75040,21226,4802,3187,1484,1563,876,3776,496,2642,11249,0,4987,45039,60.02,14.99,0,647,Low Risk,Low Risk,0,3235.0,1
31,Female,Master's,Freelancer,Tier 3,42046,9519,11464,2994,2357,9339,2805,2449,241,12286,5890,11862,233,65549,155.9,14.01,1,468,High Risk,High Risk,134,1511.0,1
34,Female,Bachelor's,Salaried,Tier 1,64414,11818,8185,3551,6535,5653,1591,2160,920,3113,2721,7976,3537,55039,85.45,4.22,1,537,Medium Risk,Medium Risk,0,3228.0,1
62,Male,Bachelor's,Salaried,Tier 2,59155,16787,7629,3375,3780,2592,4957,4525,1240,11338,2950,0,831,57054,96.45,4.99,0,513,High Risk,High Risk,22,3743.0,1
32,Female,Master's,Salaried,Tier 1,63634,21945,8007,1133,5702,6225,5531,228,3,14583,6460,4083,740,68180,107.14,10.15,1,461,High Risk,High Risk,0,3235.0,1
62,Female,Bachelor's,Salaried,Tier 3,65779,10603,8670,541,5137,6282,3542,246,1274,3504,1838,0,2875,42674,64.87,2.79,0,640,Low Risk,Low Risk,9028,3154.0,1
56,Female,Bachelor's,Business Owner,Tier 1,65066,17887,7169,2487,6665,1878,5498,422,1463,9389,13553,4938,2274,60070,92.32,20.83,1,537,High Risk,High Risk,4791,2625.0,1
24,Male,Master's,Salaried,Tier 2,54153,11876,8405,893,4090,2175,1911,4117,5948,2035,343,14533,3287,59270,109.45,0.63,1,483,High Risk,High Risk,0,4877.0,1
27,Female,High School,Self-Employed,Tier 3,53169,12884,4161,1242,6727,5651,1060,2541,1591,12899,4908,8411,4238,61405,115.49,9.23,1,457,High Risk,High Risk,0,3506.0,1
34,Male,Bachelor's,Salaried,Tier 1,61444,21120,5228,2224,5630,1172,4012,2701,1165,4017,11054,6091,4135,57495,93.57,17.99,1,482,High Risk,High Risk,419,3642.0,1
64,Female,High School,Business Owner,Tier 1,60458,13374,3578,3210,2442,8341,4177,3513,38,821,11313,5374,1709,46577,77.04,18.71,1,457,High Risk,High Risk,0,1692.0,1
59,Male,Bachelor's,Self-Employed,Tier 1,66086,13521,9756,3665,6169,6720,867,4540,1721,6554,3006,19386,4245,77144,116.73,4.55,1,451,High Risk,High Risk,12812,4315.0,1
23,Male,PhD,Salaried,Tier 2,85253,18151,4212,2565,740,1184,5455,2783,2519,8077,14972,9502,4143,59331,69.59,17.56,1,554,Medium Risk,Medium Risk,19472,4628.0,1
36,Female,Bachelor's,Salaried,Tier 2,50587,12081,3205,811,5409,2108,1973,1408,154,2451,10934,0,4882,34482,68.16,21.61,0,507,Medium Risk,High Risk,0,4151.0,0
32,Male,High School,Freelancer,Tier 2,37232,7761,7693,2764,1780,7959,5172,403,171,10077,5128,0,2089,45869,123.2,13.77,0,483,High Risk,High Risk,10017,2487.0,1
40,Male,High School,Salaried,Tier 3,50832,16947,10837,3498,2202,4858,5786,3468,634,8071,6747,0,1307,57608,113.33,13.27,0,497,High Risk,High Risk,0,2391.0,1
35,Male,Bachelor's,Freelancer,Tier 2,46027,11091,9975,2637,860,1002,5415,2720,1669,12450,6233,0,4380,52199,113.41,13.54,0,503,High Risk,High Risk,20798,3170.0,1
59,Female,High School,Student,Tier 1,13719,2989,3268,569,3416,6662,5591,1050,769,10571,253,2071,4136,41092,299.53,1.84,1,342,High Risk,High Risk,0,4826.0,1
28,Female,High School,Self-Employed,Tier 2,44926,11569,7060,2362,3241,9368,3297,2190,448,6051,8617,6339,2426,54351,120.98,19.18,1,451,High Risk,High Risk,11836,2878.0,1
41,Female,Bachelor's,Salaried,Tier 3,76313,11655,10896,1075,3119,4510,1256,2281,1358,9219,5507,0,1506,46875,61.42,7.22,0,649,Low Risk,Low Risk,0,2776.0,1
51,Female,High School,Salaried,Tier 2,50579,7714,8751,835,7810,1868,2787,722,875,3968,5518,12921,440,48691,96.27,10.91,1,496,High Risk,High Risk,0,3915.0,1
27,Male,Bachelor's,Salaried,Tier 1,57287,17080,7446,3799,7667,8008,3015,2602,174,11965,12190,0,4985,66741,116.5,21.28,0,544,High Risk,High Risk,12624,3166.0,1
41,Female,Bachelor's,Freelancer,Tier 3,66764,11280,7888,2194,707,3457,3108,3557,777,5338,16116,0,352,38658,57.9,24.14,0,587,Medium Risk,Medium Risk,0,1587.0,1
51,Female,Bachelor's,Salaried,Tier 3,61215,12249,8664,3683,765,8090,2789,284,522,7472,5125,6352,2932,53802,87.89,8.37,1,501,High Risk,High Risk,14617,2697.0,1
47,Male,Master's,Business Owner,Tier 2,88918,20795,11906,3628,7285,2134,2523,1997,1305,13244,8453,0,2462,67279,75.66,9.51,0,554,Medium Risk,Medium Risk,0,4799.0,1
26,Male,Bachelor's,Salaried,Tier 2,55741,14439,9006,1928,2363,5198,751,1172,7116,11815,4236,0,3454,57242,102.69,7.6,0,500,High Risk,High Risk,0,4874.0,1
58,Female,Bachelor's,Business Owner,Tier 2,85308,29153,5501,3859,5389,2158,752,4849,14,12468,17142,0,1199,65342,76.6,20.09,0,581,High Risk,High Risk,0,3346.0,1
33,Male,Bachelor's,Self-Employed,Tier 3,46762,11219,2107,2923,3375,2621,5648,4879,1561,7800,2628,0,393,42526,90.94,5.62,0,516,High Risk,High Risk,0,2651.0,1
45,Male,Master's,Salaried,Tier 2,64573,17209,11692,3284,5805,6123,5985,217,586,9108,13228,8998,886,69893,108.24,20.49,1,497,High Risk,High Risk,3572,4029.0,1
55,Female,Bachelor's,Business Owner,Tier 2,94734,26647,3824,1363,3043,7925,820,2196,1849,8230,15573,0,2095,57992,61.22,16.44,0,599,Low Risk,Low Risk,0,3650.0,1
23,Male,Bachelor's,Self-Employed,Tier 3,49397,12808,10519,2477,6590,4058,5316,893,6797,8639,2160,3693,716,62506,126.54,4.37,1,414,High Risk,High Risk,0,4370.0,1
45,Male,High School,Self-Employed,Tier 1,47553,8290,9702,2355,1937,3439,2689,1112,490,10407,4533,4749,272,45442,95.56,9.53,1,455,High Risk,High Risk,15707,3131.0,1
43,Male,Bachelor's,Freelancer,Tier 3,40175,11925,9077,2187,2802,2585,2503,4787,1373,12361,4693,0,3686,53286,132.63,11.68,0,467,High Risk,High Risk,21169,2718.0,1
45,Male,High School,Self-Employed,Tier 3,47042,16443,11562,3152,1046,8191,5711,460,497,13525,7330,2712,2455,65754,139.78,15.58,1,468,High Risk,High Risk,0,2482.0,1
33,Male,High School,Salaried,Tier 2,60577,14532,11028,3376,3516,8853,1725,403,1679,1821,11325,9677,4033,60643,100.11,18.7,1,487,High Risk,High Risk,0,3980.0,1
25,Female,Bachelor's,Salaried,Tier 2,66326,22043,9795,2484,909,9499,3940,1637,4642,2987,3548,0,221,58157,87.68,5.35,0,528,High Risk,High Risk,0,3373.0,1
24,Male,Master's,Freelancer,Tier 1,64548,12413,2559,3853,1257,3599,4909,1019,5612,7283,10868,0,2065,44569,69.05,16.84,0,580,Medium Risk,Medium Risk,0,2708.0,1
59,Male,Bachelor's,Self-Employed,Tier 1,59683,13862,2433,2598,807,7604,5231,1418,977,6945,9340,13796,1658,57329,96.06,15.65,1,482,High Risk,High Risk,0,2838.0,1
45,Male,High School,Salaried,Tier 1,60550,20127,9830,1887,3576,1047,2212,4575,883,14105,4485,0,4567,62809,103.73,7.41,0,524,High Risk,High Risk,4789,3511.0,1
28,Male,Bachelor's,Freelancer,Tier 2,47876,14861,6365,2392,4051,9114,320,3087,560,759,4580,0,3056,44565,93.08,9.57,0,475,High Risk,High Risk,0,3524.0,1
41,Male,Master's,Salaried,Tier 2,68904,13967,2018,874,3726,9855,5997,460,150,9500,14322,5033,1531,53111,77.08,20.79,1,493,High Risk,High Risk,0,3700.0,1
32,Male,Bachelor's,Freelancer,Tier 2,52680,15636,4321,1695,5937,8708,1103,2456,862,6796,8927,6793,3883,58190,110.46,16.95,1,488,High Risk,High Risk,0,3268.0,1
53,Female,Bachelor's,Self-Employed,Tier 2,59913,20015,3746,3528,4552,2445,4162,2395,976,14801,1528,10945,2909,70474,117.63,2.55,1,507,High Risk,High Risk,9719,3786.0,1
39,Male,High School,Salaried,Tier 2,66212,12591,7882,3094,5078,7089,4672,4501,1817,7262,10943,6548,396,60930,92.02,16.53,1,511,High Risk,High Risk,0,3014.0,1
32,Female,Bachelor's,Business Owner,Tier 1,78197,15157,10353,1507,2779,8838,1747,2126,1265,8479,2115,11903,3347,67501,86.32,2.7,1,565,Medium Risk,Medium Risk,0,2210.0,1
